File Names,File Names,LGI,GREEN,CHROM,PCA,GT,GTA
F001_T1,F001_T1,13,13,13,0,64,32
F001_T10,F001_T10,17,17,17,13,18,9
F001_T2,F001_T2,70,70,70,17,22,11
F001_T3,F001_T3,12,12,12,70,75,37
F001_T4,F001_T4,17,17,17,12,17,8
F001_T5,F001_T5,59,59,59,17,22,11
F001_T6,F001_T6,46,46,46,59,64,32
F001_T7,F001_T7,53,53,53,46,40,20
F001_T8,F001_T8,46,46,46,53,9,4
F001_T9,F001_T9,69,69,69,46,118,59
F002_T1,F002_T1,5,5,5,69,52,26
F002_T10,F002_T10,33,33,33,5,58,29
F002_T2,F002_T2,32,32,32,33,51,25
F002_T3,F002_T3,39,39,39,32,74,37
F002_T4,F002_T4,56,56,56,39,10,5
F002_T5,F002_T5,127,127,127,56,38,19
F002_T6,F002_T6,16,16,16,127,38,19
F002_T7,F002_T7,6,6,6,16,44,22
F002_T8,F002_T8,20,20,20,6,61,30
F002_T9,F002_T9,69,69,69,20,132,66
F003_T1,F003_T1,12,12,12,69,21,10
F003_T10,F003_T10,14,14,14,12,11,5
F003_T2,F003_T2,26,26,26,14,25,12
F003_T3,F003_T3,36,36,36,26,74,37
F003_T4,F003_T4,55,55,55,36,17,8
F003_T5,F003_T5,109,109,109,55,19,9
F003_T6,F003_T6,37,37,37,109,33,16
F003_T7,F003_T7,8,8,8,37,41,20
F003_T8,F003_T8,25,25,25,8,60,30
F003_T9,F003_T9,69,69,69,25,114,57
F004_T1,F004_T1,12,12,12,69,43,21
F004_T10,F004_T10,36,36,36,12,13,6
F004_T2,F004_T2,35,35,35,36,30,15
F004_T3,F004_T3,29,29,29,35,74,37
F004_T4,F004_T4,23,23,23,29,17,8
F004_T5,F004_T5,75,75,75,23,41,20
F004_T6,F004_T6,35,35,35,75,40,20
F004_T7,F004_T7,8,8,8,35,34,17
F004_T8,F004_T8,23,23,23,8,28,14
F004_T9,F004_T9,69,69,69,23,80,40
F005_T1,F005_T1,12,12,12,69,41,20
F005_T10,F005_T10,24,24,24,12,13,6
F005_T2,F005_T2,27,27,27,24,28,14
F005_T3,F005_T3,29,29,29,27,74,37
F005_T4,F005_T4,57,57,57,29,17,8
F005_T5,F005_T5,57,57,57,57,29,14
F005_T6,F005_T6,31,31,31,57,33,16
F005_T7,F005_T7,18,18,18,31,34,17
F005_T8,F005_T8,30,30,30,18,62,31
F005_T9,F005_T9,70,70,70,30,62,31
F006_T1,F006_T1,12,12,12,70,36,18
F006_T10,F006_T10,28,28,28,12,23,11
F006_T2,F006_T2,31,31,31,28,35,17
F006_T3,F006_T3,34,34,34,31,75,37
F006_T4,F006_T4,40,40,40,34,17,8
F006_T5,F006_T5,54,54,54,40,33,16
F006_T6,F006_T6,28,28,28,54,36,18
F006_T7,F006_T7,5,5,5,28,39,19
F006_T8,F006_T8,23,23,23,5,45,22
F006_T9,F006_T9,69,69,69,23,59,29
F007_T1,F007_T1,12,12,12,69,33,16
F007_T10,F007_T10,30,30,30,12,10,5
F007_T2,F007_T2,42,42,42,30,28,14
F007_T3,F007_T3,22,22,22,42,74,37
F007_T4,F007_T4,42,42,42,22,17,8
F007_T5,F007_T5,60,60,60,42,35,17
F007_T6,F007_T6,46,46,46,60,47,23
F007_T7,F007_T7,4,4,4,46,27,13
F007_T8,F007_T8,25,25,25,4,47,23
F007_T9,F007_T9,69,69,69,25,65,32
F008_T1,F008_T1,12,12,12,69,51,25
F008_T10,F008_T10,46,46,46,12,9,4
F008_T4,F008_T4,44,44,44,46,17,8
F008_T5,F008_T5,28,28,28,44,51,25
F008_T6,F008_T6,16,16,16,28,49,24
F008_T7,F008_T7,104,104,104,16,34,17
F008_T8,F008_T8,62,62,62,104,21,10
F008_T9,F008_T9,6,6,6,62,109,54
F009_T1,F009_T1,23,23,23,6,67,33
F009_T10,F009_T10,69,69,69,23,11,5
F009_T2,F009_T2,12,12,12,69,29,14
F009_T3,F009_T3,35,35,35,12,74,37
F009_T4,F009_T4,28,28,28,35,17,8
F009_T5,F009_T5,34,34,34,28,40,20
F009_T6,F009_T6,31,31,31,34,33,16
F009_T7,F009_T7,95,95,95,31,39,19
F009_T8,F009_T8,37,37,37,95,36,18
F009_T9,F009_T9,1,1,1,37,100,50
F010_T1,F010_T1,41,41,41,1,42,21
F010_T10,F010_T10,65,65,65,41,6,3
F010_T2,F010_T2,12,12,12,65,46,23
F010_T3,F010_T3,41,41,41,12,70,35
F010_T4,F010_T4,39,39,39,41,17,8
F010_T5,F010_T5,36,36,36,39,46,23
F010_T6,F010_T6,34,34,34,36,44,22
F010_T7,F010_T7,86,86,86,34,41,20
F010_T8,F010_T8,15,15,15,86,40,20
F010_T9,F010_T9,13,13,13,15,91,45
F011_T1,F011_T1,20,20,20,13,20,10
F011_T10,F011_T10,69,69,69,20,18,9
F011_T2,F011_T2,11,11,11,69,25,12
F011_T3,F011_T3,19,19,19,11,74,37
F011_T4,F011_T4,25,25,25,19,16,8
F011_T5,F011_T5,35,35,35,25,25,12
F011_T6,F011_T6,56,56,56,35,30,15
F011_T7,F011_T7,56,56,56,56,40,20
F011_T8,F011_T8,30,30,30,56,61,30
F011_T9,F011_T9,5,5,5,30,61,30
F012_T1,F012_T1,46,46,46,5,35,17
F012_T10,F012_T10,69,69,69,46,10,5
F012_T2,F012_T2,12,12,12,69,51,25
F012_T3,F012_T3,33,33,33,12,74,37
F012_T4,F012_T4,68,68,68,33,17,8
F012_T5,F012_T5,34,34,34,68,38,19
F012_T6,F012_T6,16,16,16,34,73,36
F012_T7,F012_T7,53,53,53,16,39,19
F012_T8,F012_T8,29,29,29,53,21,10
F012_T9,F012_T9,10,10,10,29,58,29
F013_T1,F013_T1,7,7,7,10,34,17
F013_T10,F013_T10,69,69,69,7,15,7
F013_T2,F013_T2,12,12,12,69,11,5
F013_T3,F013_T3,27,27,27,12,74,37
F013_T4,F013_T4,34,34,34,27,18,9
F013_T5,F013_T5,24,24,24,34,32,16
F013_T6,F013_T6,31,31,31,24,39,19
F013_T7,F013_T7,68,68,68,31,29,14
F013_T8,F013_T8,40,40,40,68,37,18
F013_T9,F013_T9,6,6,6,40,73,36
F014_T1,F014_T1,20,20,20,6,45,22
F014_T10,F014_T10,69,69,69,20,11,5
F014_T2,F014_T2,12,12,12,69,25,12
F014_T3,F014_T3,18,18,18,12,74,37
F014_T4,F014_T4,37,37,37,18,17,8
F014_T5,F014_T5,23,23,23,37,23,11
F014_T6,F014_T6,35,35,35,23,42,21
F014_T7,F014_T7,70,70,70,35,28,14
F014_T8,F014_T8,30,30,30,70,40,20
F014_T9,F014_T9,8,8,8,30,75,37
F015_T1,F015_T1,19,19,19,8,35,17
F015_T10,F015_T10,69,69,69,19,13,6
F015_T2,F015_T2,12,12,12,69,24,12
F015_T3,F015_T3,24,24,24,12,74,37
F015_T4,F015_T4,33,33,33,24,17,8
F015_T5,F015_T5,29,29,29,33,29,14
F015_T6,F015_T6,10,10,10,29,38,19
F015_T7,F015_T7,57,57,57,10,34,17
F015_T8,F015_T8,29,29,29,57,15,7
F015_T9,F015_T9,8,8,8,29,62,31
F016_T1,F016_T1,13,13,13,8,34,17
F016_T10,F016_T10,69,69,69,13,13,6
F016_T2,F016_T2,12,12,12,69,18,9
F016_T3,F016_T3,24,24,24,12,74,37
F016_T4,F016_T4,44,44,44,24,17,8
F016_T5,F016_T5,31,31,31,44,29,14
F016_T6,F016_T6,55,55,55,31,49,24
F016_T7,F016_T7,97,97,97,55,36,18
F016_T8,F016_T8,39,39,39,97,60,30
F016_T9,F016_T9,8,8,8,39,103,51
F017_T1,F017_T1,17,17,17,8,44,22
F017_T10,F017_T10,68,68,68,17,13,6
F017_T2,F017_T2,12,12,12,68,22,11
F017_T3,F017_T3,13,13,13,12,74,37
F017_T4,F017_T4,34,34,34,13,17,8
F017_T5,F017_T5,30,30,30,34,18,9
F017_T6,F017_T6,55,55,55,30,39,19
F017_T7,F017_T7,98,98,98,55,35,17
F017_T8,F017_T8,55,55,55,98,60,30
F017_T9,F017_T9,14,14,14,55,103,51
F018_T1,F018_T1,34,34,34,14,60,30
F018_T10,F018_T10,69,69,69,34,19,9
F018_T2,F018_T2,11,11,11,69,39,19
F018_T3,F018_T3,39,39,39,11,74,37
F018_T4,F018_T4,54,54,54,39,16,8
F018_T5,F018_T5,30,30,30,54,44,22
F018_T6,F018_T6,56,56,56,30,59,29
F018_T7,F018_T7,81,81,81,56,35,17
F018_T8,F018_T8,53,53,53,81,61,30
F018_T9,F018_T9,8,8,8,53,86,43
F019_T1,F019_T1,31,31,31,8,58,29
F019_T10,F019_T10,70,70,70,31,13,6
F019_T2,F019_T2,11,11,11,70,36,18
F019_T3,F019_T3,44,44,44,11,75,37
F019_T4,F019_T4,85,85,85,44,17,8
F019_T5,F019_T5,23,23,23,85,49,24
F019_T6,F019_T6,55,55,55,23,90,45
F019_T7,F019_T7,129,129,129,55,28,14
F019_T8,F019_T8,35,35,35,129,61,30
F019_T9,F019_T9,9,9,9,35,134,67
F020_T1,F020_T1,19,19,19,9,40,20
F020_T10,F020_T10,69,69,69,19,14,7
F020_T2,F020_T2,12,12,12,69,24,12
F020_T3,F020_T3,17,17,17,12,74,37
F020_T4,F020_T4,27,27,27,17,17,8
F020_T5,F020_T5,29,29,29,27,22,11
F020_T6,F020_T6,22,22,22,29,32,16
F020_T7,F020_T7,114,114,114,22,34,17
F020_T8,F020_T8,44,44,44,114,27,13
F020_T9,F020_T9,15,15,15,44,120,60
F021_T1,F021_T1,27,27,27,15,50,25
F021_T10,F021_T10,69,69,69,27,20,10
F021_T2,F021_T2,12,12,12,69,32,16
F021_T3,F021_T3,31,31,31,12,74,37
F021_T4,F021_T4,42,42,42,31,17,8
F021_T5,F021_T5,29,29,29,42,36,18
F021_T6,F021_T6,55,55,55,29,47,23
F021_T7,F021_T7,66,66,66,55,34,17
F021_T8,F021_T8,15,15,15,66,61,30
F021_T9,F021_T9,15,15,15,15,71,35
F022_T1,F022_T1,24,24,24,15,20,10
F022_T10,F022_T10,69,69,69,24,20,10
F022_T2,F022_T2,12,12,12,69,29,14
F022_T3,F022_T3,23,23,23,12,74,37
F022_T4,F022_T4,37,37,37,23,17,8
F022_T5,F022_T5,34,34,34,37,28,14
F022_T6,F022_T6,55,55,55,34,42,21
F022_T7,F022_T7,93,93,93,55,39,19
F022_T8,F022_T8,14,14,14,93,60,30
F022_T9,F022_T9,6,6,6,14,98,49
F023_T1,F023_T1,33,33,33,6,19,9
F023_T10,F023_T10,69,69,69,33,11,5
F023_T2,F023_T2,11,11,11,69,38,19
F023_T3,F023_T3,25,25,25,11,74,37
F023_T4,F023_T4,29,29,29,25,16,8
F023_T5,F023_T5,17,17,17,29,30,15
F023_T6,F023_T6,55,55,55,17,34,17
F023_T7,F023_T7,59,59,59,55,22,11
F023_T8,F023_T8,13,13,13,59,60,30
F023_T9,F023_T9,14,14,14,13,64,32
F024_T1,F024_T1,21,21,21,14,18,9
F024_T10,F024_T10,69,69,69,21,19,9
F024_T2,F024_T2,11,11,11,69,26,13
F024_T3,F024_T3,25,25,25,11,74,37
F024_T4,F024_T4,27,27,27,25,16,8
F024_T5,F024_T5,22,22,22,27,30,15
F024_T6,F024_T6,56,56,56,22,32,16
F024_T7,F024_T7,111,111,111,56,27,13
F024_T8,F024_T8,10,10,10,111,61,30
F024_T9,F024_T9,7,7,7,10,116,58
F025_T1,F025_T1,23,23,23,7,15,7
F025_T10,F025_T10,69,69,69,23,12,6
F025_T2,F025_T2,12,12,12,69,28,14
F025_T3,F025_T3,26,26,26,12,74,37
F025_T4,F025_T4,30,30,30,26,17,8
F025_T5,F025_T5,32,32,32,30,31,15
F025_T6,F025_T6,55,55,55,32,35,17
F025_T7,F025_T7,83,83,83,55,37,18
F025_T8,F025_T8,13,13,13,83,60,30
F025_T9,F025_T9,13,13,13,13,88,44
F026_T1,F026_T1,38,38,38,13,18,9
F026_T10,F026_T10,69,69,69,38,18,9
F026_T2,F026_T2,12,12,12,69,43,21
F026_T3,F026_T3,26,26,26,12,74,37
F026_T4,F026_T4,46,46,46,26,17,8
F026_T5,F026_T5,35,35,35,46,31,15
F026_T6,F026_T6,55,55,55,35,51,25
F026_T7,F026_T7,87,87,87,55,40,20
F026_T8,F026_T8,23,23,23,87,60,30
F026_T9,F026_T9,7,7,7,23,92,46
F027_T1,F027_T1,32,32,32,7,28,14
F027_T10,F027_T10,69,69,69,32,12,6
F027_T2,F027_T2,0,0,0,69,37,18
F027_T3,F027_T3,25,25,25,0,74,37
F027_T4,F027_T4,51,51,51,25,17,8
F027_T5,F027_T5,20,20,20,51,30,15
F027_T6,F027_T6,14,14,14,20,56,28
F027_T7,F027_T7,96,96,96,14,26,13
F027_T8,F027_T8,23,23,23,96,19,9
F027_T9,F027_T9,18,18,18,23,102,51
F028_T1,F028_T1,45,45,45,18,28,14
F028_T10,F028_T10,69,69,69,45,23,11
F028_T2,F028_T2,11,11,11,69,50,25
F028_T3,F028_T3,21,21,21,11,74,37
F028_T4,F028_T4,39,39,39,21,17,8
F028_T5,F028_T5,23,23,23,39,26,13
F028_T6,F028_T6,54,54,54,23,44,22
F028_T7,F028_T7,85,85,85,54,28,14
F028_T8,F028_T8,9,4,9,85,59,29
F028_T9,F028_T9,4,18,4,9,90,45
F029_T1,F029_T1,18,69,18,0,14,7
F029_T10,F029_T10,69,1,69,18,9,4
F029_T2,F029_T2,1,18,1,69,24,12
F029_T3,F029_T3,18,37,18,1,74,37
F029_T4,F029_T4,37,19,37,18,5,2
F029_T5,F029_T5,19,55,19,37,23,11
F029_T6,F029_T6,55,85,55,0,43,21
F029_T7,F029_T7,85,8,85,0,24,12
F029_T8,F029_T8,8,7,8,0,60,30
F029_T9,F029_T9,7,23,7,8,90,45
F030_T1,F030_T1,23,69,23,7,14,7
F030_T10,F030_T10,69,1,69,23,12,6
F030_T2,F030_T2,1,18,1,69,28,14
F030_T3,F030_T3,18,37,18,1,74,37
F030_T4,F030_T4,37,16,37,18,6,3
F030_T5,F030_T5,16,24,16,37,23,11
F030_T6,F030_T6,24,68,24,16,42,21
F030_T7,F030_T7,68,20,68,24,21,10
F030_T8,F030_T8,20,8,20,68,29,14
F030_T9,F030_T9,8,37,8,20,73,36
F031_T1,F031_T1,37,69,37,8,25,12
F031_T10,F031_T10,69,12,69,37,13,6
F031_T2,F031_T2,12,28,12,69,42,21
F031_T3,F031_T3,28,51,28,12,74,37
F031_T4,F031_T4,51,20,51,28,17,8
F031_T5,F031_T5,20,56,20,51,34,17
F031_T6,F031_T6,56,77,56,20,56,28
F031_T7,F031_T7,77,16,77,56,25,12
F031_T8,F031_T8,16,8,16,77,61,30
F031_T9,F031_T9,8,28,8,16,82,41
F032_T1,F032_T1,28,69,28,8,21,10
F032_T10,F032_T10,69,12,69,28,13,6
F032_T2,F032_T2,12,30,12,69,33,16
F032_T3,F032_T3,30,43,30,12,74,37
F032_T4,F032_T4,43,19,43,30,17,8
F032_T5,F032_T5,19,55,19,43,35,17
F032_T6,F032_T6,55,71,55,19,49,24
F032_T7,F032_T7,71,16,71,55,24,12
F032_T8,F032_T8,16,8,16,71,60,30
F032_T9,F032_T9,8,18,8,16,76,38
F033_T1,F033_T1,18,69,18,8,21,10
F033_T10,F033_T10,69,12,69,18,13,6
F033_T2,F033_T2,12,23,12,69,23,11
F033_T3,F033_T3,23,50,23,12,74,37
F033_T4,F033_T4,50,20,50,23,17,8
F033_T5,F033_T5,20,13,20,50,29,14
F033_T6,F033_T6,13,87,13,20,55,27
F033_T7,F033_T7,87,17,87,13,36,18
F033_T8,F033_T8,17,14,17,87,18,9
F033_T9,F033_T9,14,19,14,17,92,46
F034_T1,F034_T1,19,69,19,14,22,11
F034_T10,F034_T10,69,13,69,19,19,9
F034_T2,F034_T2,13,27,13,69,24,12
F034_T3,F034_T3,27,40,27,13,74,37
F034_T4,F034_T4,40,17,40,27,18,9
F034_T5,F034_T5,17,30,17,40,32,16
F034_T6,F034_T6,30,118,30,17,45,22
F034_T7,F034_T7,118,17,118,30,22,11
F034_T8,F034_T8,17,13,17,118,35,17
F034_T9,F034_T9,13,20,13,0,123,61
F035_T1,F035_T1,20,69,20,13,22,11
F035_T10,F035_T10,69,12,69,0,18,9
F035_T2,F035_T2,12,28,12,0,25,12
F035_T3,F035_T3,28,86,28,12,74,37
F035_T4,F035_T4,86,26,86,28,17,8
F035_T5,F035_T5,26,58,26,86,33,16
F035_T6,F035_T6,58,99,58,26,91,45
F035_T7,F035_T7,99,46,99,58,31,15
F035_T8,F035_T8,46,8,46,99,63,31
F035_T9,F035_T9,8,23,8,46,104,52
F036_T1,F036_T1,23,69,23,8,51,25
F036_T10,F036_T10,69,13,69,23,13,6
F036_T2,F036_T2,13,20,13,69,28,14
F036_T3,F036_T3,20,46,20,13,74,37
F036_T4,F036_T4,46,43,46,20,18,9
F036_T5,F036_T5,43,57,43,46,25,12
F036_T6,F036_T6,57,123,57,43,51,25
F036_T7,F036_T7,123,16,123,57,48,24
F036_T8,F036_T8,16,11,16,123,62,31
F036_T9,F036_T9,11,21,11,16,128,64
F037_T1,F037_T1,21,69,21,11,21,10
F037_T10,F037_T10,69,12,69,21,16,8
F037_T2,F037_T2,12,39,12,69,26,13
F037_T3,F037_T3,39,55,39,12,74,37
F037_T4,F037_T4,55,24,55,39,17,8
F037_T5,F037_T5,24,57,24,55,44,22
F037_T6,F037_T6,57,102,57,24,60,30
F037_T7,F037_T7,102,9,102,57,30,15
F037_T8,F037_T8,9,11,9,102,62,31
F037_T9,F037_T9,11,17,11,9,107,53
F038_T1,F038_T1,17,69,17,11,14,7
F038_T10,F038_T10,69,12,69,17,16,8
F038_T2,F038_T2,12,22,12,69,22,11
F038_T3,F038_T3,22,32,22,12,74,37
F038_T4,F038_T4,32,20,32,22,17,8
F038_T5,F038_T5,20,57,20,32,27,13
F038_T6,F038_T6,57,98,57,20,37,18
F038_T7,F038_T7,98,12,98,57,25,12
F038_T8,F038_T8,12,8,12,98,62,31
F038_T9,F038_T9,8,18,8,12,103,51
F039_T1,F039_T1,18,68,18,8,17,8
F039_T10,F039_T10,68,12,68,18,14,7
F039_T2,F039_T2,12,22,12,68,23,11
F039_T3,F039_T3,22,49,22,12,73,36
F039_T4,F039_T4,49,35,49,22,17,8
F039_T5,F039_T5,35,56,35,49,27,13
F039_T6,F039_T6,56,97,56,35,55,27
F039_T7,F039_T7,97,38,97,56,40,20
F039_T8,F039_T8,38,8,38,97,61,30
F039_T9,F039_T9,8,27,8,38,103,51
F040_T1,F040_T1,27,69,27,8,43,21
F040_T10,F040_T10,69,12,69,27,13,6
F040_T2,F040_T2,12,23,12,69,32,16
F040_T3,F040_T3,23,44,23,12,74,37
F040_T4,F040_T4,44,32,44,23,17,8
F040_T5,F040_T5,32,15,32,44,28,14
F040_T6,F040_T6,15,79,15,32,49,24
F040_T7,F040_T7,79,14,79,15,37,18
F040_T8,F040_T8,14,11,14,79,20,10
F040_T9,F040_T9,11,15,11,14,84,42
F041_T1,F041_T1,15,69,15,11,19,9
F041_T10,F041_T10,69,12,69,15,16,8
F041_T2,F041_T2,12,26,12,69,20,10
F041_T3,F041_T3,26,48,26,12,74,37
F041_T4,F041_T4,48,0,48,26,17,8
F041_T5,F041_T5,0,56,0,48,31,15
F041_T6,F041_T6,56,111,56,0,53,26
F041_T7,F041_T7,111,11,111,56,27,13
F041_T8,F041_T8,11,12,11,111,61,30
F041_T9,F041_T9,12,19,12,11,116,58
F042_T1,F042_T1,19,67,19,12,16,8
F042_T10,F042_T10,67,7,67,19,74,37
F042_T2,F042_T2,7,25,7,67,24,12
F042_T3,F042_T3,25,33,25,7,72,36
F042_T4,F042_T4,33,16,33,25,12,6
F042_T5,F042_T5,16,57,16,33,30,15
F042_T6,F042_T6,57,68,57,16,38,19
F042_T7,F042_T7,68,9,68,57,2,1
F042_T8,F042_T8,9,8,9,68,21,10
F042_T9,F042_T9,8,14,8,9,62,31
F043_T1,F043_T1,14,69,14,8,14,7
F043_T10,F043_T10,69,12,69,14,13,6
F043_T2,F043_T2,12,29,12,69,19,9
F043_T3,F043_T3,29,41,29,12,74,37
F043_T4,F043_T4,41,37,41,29,17,8
F043_T5,F043_T5,37,56,37,41,34,17
F043_T6,F043_T6,56,95,56,37,46,23
F043_T7,F043_T7,95,11,95,56,42,21
F043_T8,F043_T8,11,8,11,95,61,30
F043_T9,F043_T9,8,19,8,11,101,50
F044_T1,F044_T1,19,69,19,8,17,8
F044_T10,F044_T10,69,12,69,19,13,6
F044_T2,F044_T2,12,26,12,69,24,12
F044_T3,F044_T3,26,44,26,12,74,37
F044_T4,F044_T4,44,24,44,26,17,8
F044_T5,F044_T5,24,55,24,44,31,15
F044_T6,F044_T6,55,165,55,24,49,24
F044_T7,F044_T7,165,12,165,55,29,14
F044_T8,F044_T8,12,28,12,165,60,30
F044_T9,F044_T9,28,21,28,12,170,85
F045_T1,F045_T1,21,69,21,28,17,8
F045_T10,F045_T10,69,12,69,21,33,16
F045_T2,F045_T2,12,37,12,69,26,13
F045_T3,F045_T3,37,39,37,12,74,37
F045_T4,F045_T4,39,25,39,37,17,8
F045_T5,F045_T5,25,59,25,39,42,21
F045_T6,F045_T6,59,108,59,25,44,22
F045_T7,F045_T7,108,13,108,59,30,15
F045_T8,F045_T8,13,13,13,108,64,32
F045_T9,F045_T9,13,24,13,13,113,56
F046_T1,F046_T1,24,69,24,13,18,9
F046_T10,F046_T10,69,12,69,24,18,9
F046_T2,F046_T2,12,21,12,69,29,14
F046_T3,F046_T3,21,48,21,12,74,37
F046_T4,F046_T4,48,38,48,21,17,8
F046_T5,F046_T5,38,20,38,48,26,13
F046_T6,F046_T6,20,125,20,38,53,26
F046_T7,F046_T7,125,11,125,20,43,21
F046_T8,F046_T8,11,6,11,125,26,13
F046_T9,F046_T9,6,24,6,11,130,65
F047_T1,F047_T1,24,69,24,6,16,8
F047_T10,F047_T10,69,12,69,24,11,5
F047_T2,F047_T2,12,34,12,69,29,14
F047_T3,F047_T3,34,37,34,12,74,37
F047_T4,F047_T4,37,35,37,34,17,8
F047_T5,F047_T5,35,19,35,37,40,20
F047_T6,F047_T6,19,116,19,35,42,21
F047_T7,F047_T7,116,13,116,19,40,20
F047_T8,F047_T8,13,10,13,116,24,12
F047_T9,F047_T9,10,20,10,13,121,60
F048_T1,F048_T1,20,72,20,10,18,9
F048_T10,F048_T10,72,12,72,20,15,7
F048_T2,F048_T2,12,31,12,72,25,12
F048_T3,F048_T3,31,46,31,12,77,38
F048_T4,F048_T4,46,33,46,31,17,8
F048_T5,F048_T5,33,56,33,46,36,18
F048_T6,F048_T6,56,139,56,33,51,25
F048_T7,F048_T7,139,13,139,56,38,19
F048_T8,F048_T8,13,17,13,139,61,30
F048_T9,F048_T9,17,20,17,13,144,72
F049_T1,F049_T1,20,69,20,17,18,9
F049_T10,F049_T10,69,11,69,20,22,11
F049_T2,F049_T2,11,25,11,69,25,12
F049_T3,F049_T3,25,48,25,11,74,37
F049_T4,F049_T4,48,21,48,25,16,8
F049_T5,F049_T5,21,57,21,48,30,15
F049_T6,F049_T6,57,149,57,21,53,26
F049_T7,F049_T7,149,49,149,57,26,13
F049_T8,F049_T8,49,27,49,149,62,31
F049_T9,F049_T9,27,28,27,49,154,77
F050_T1,F050_T1,28,69,28,27,54,27
F050_T10,F050_T10,69,12,69,28,32,16
F050_T2,F050_T2,12,24,12,69,33,16
F050_T3,F050_T3,24,39,24,12,74,37
F050_T4,F050_T4,39,25,39,24,17,8
F050_T5,F050_T5,25,56,25,39,29,14
F050_T6,F050_T6,56,102,56,25,44,22
F050_T7,F050_T7,102,31,102,56,31,15
F050_T8,F050_T8,31,7,31,102,61,30
F050_T9,F050_T9,7,28,7,31,107,53
F051_T1,F051_T1,28,69,28,7,36,18
F051_T10,F051_T10,69,12,69,28,12,6
F051_T2,F051_T2,12,22,12,69,33,16
F051_T3,F051_T3,22,37,22,12,74,37
F051_T4,F051_T4,37,27,37,22,17,8
F051_T5,F051_T5,27,55,27,37,27,13
F051_T6,F051_T6,55,181,55,27,42,21
F051_T7,F051_T7,181,32,181,55,32,16
F051_T8,F051_T8,32,9,32,181,60,30
F051_T9,F051_T9,9,19,9,32,186,93
F052_T1,F052_T1,19,69,19,9,37,18
F052_T10,F052_T10,69,12,69,19,15,7
F052_T2,F052_T2,12,16,12,69,24,12
F052_T3,F052_T3,16,67,16,12,74,37
F052_T4,F052_T4,67,28,67,16,17,8
F052_T5,F052_T5,28,56,28,67,22,11
F052_T6,F052_T6,56,98,56,28,72,36
F052_T7,F052_T7,98,16,98,56,33,16
F052_T8,F052_T8,16,8,16,98,61,30
F052_T9,F052_T9,8,15,8,16,103,51
F053_T1,F053_T1,15,69,15,8,21,10
F053_T10,F053_T10,69,12,69,15,13,6
F053_T2,F053_T2,12,22,12,69,20,10
F053_T3,F053_T3,22,115,22,12,74,37
F053_T4,F053_T4,115,28,115,22,17,8
F053_T5,F053_T5,28,56,28,115,27,13
F053_T6,F053_T6,56,92,56,28,120,60
F053_T7,F053_T7,92,19,92,56,33,16
F053_T8,F053_T8,19,3,19,92,61,30
F053_T9,F053_T9,3,17,3,19,97,48
F054_T1,F054_T1,17,69,17,3,24,12
F054_T10,F054_T10,69,12,69,17,8,4
F054_T2,F054_T2,12,23,12,69,22,11
F054_T3,F054_T3,23,78,23,12,74,37
F054_T4,F054_T4,78,36,78,23,17,8
F054_T5,F054_T5,36,8,36,78,28,14
F054_T6,F054_T6,8,139,8,36,83,41
F054_T7,F054_T7,139,14,139,8,41,20
F054_T8,F054_T8,14,8,14,139,13,6
F054_T9,F054_T9,8,19,8,14,142,71
F055_T1,F055_T1,19,69,19,8,19,9
F055_T10,F055_T10,69,12,69,19,13,6
F055_T2,F055_T2,12,23,12,69,24,12
F055_T3,F055_T3,23,36,23,12,74,37
F055_T4,F055_T4,36,26,36,23,17,8
F055_T5,F055_T5,26,55,26,36,28,14
F055_T6,F055_T6,55,133,55,26,42,21
F055_T7,F055_T7,133,8,133,55,31,15
F055_T8,F055_T8,8,10,8,133,60,30
F055_T9,F055_T9,10,10,10,8,138,69
F056_T1,F056_T1,10,69,10,10,13,6
F056_T10,F056_T10,69,12,69,10,15,7
F056_T2,F056_T2,12,44,12,69,15,7
F056_T3,F056_T3,44,67,44,12,74,37
F056_T4,F056_T4,67,27,67,44,17,8
F056_T5,F056_T5,27,56,27,67,49,24
F056_T6,F056_T6,56,116,56,27,72,36
F056_T7,F056_T7,116,13,116,56,32,16
F056_T8,F056_T8,13,6,13,116,61,30
F056_T9,F056_T9,6,15,6,13,121,60
F057_T1,F057_T1,15,69,15,6,18,9
F057_T10,F057_T10,69,12,69,15,11,5
F057_T2,F057_T2,12,15,12,69,20,10
F057_T3,F057_T3,15,57,15,12,74,37
F057_T4,F057_T4,57,19,57,15,17,8
F057_T5,F057_T5,19,56,19,57,20,10
F057_T6,F057_T6,56,153,56,19,62,31
F057_T7,F057_T7,153,16,153,56,24,12
F057_T8,F057_T8,16,10,16,153,61,30
F057_T9,F057_T9,10,19,10,16,158,79
F058_T1,F058_T1,19,69,19,10,21,10
F058_T10,F058_T10,69,11,69,19,15,7
F058_T2,F058_T2,11,20,11,69,24,12
F058_T3,F058_T3,20,30,20,11,74,37
F058_T4,F058_T4,30,45,30,20,16,8
F058_T5,F058_T5,45,55,45,30,25,12
F058_T6,F058_T6,55,117,55,45,35,17
F058_T7,F058_T7,117,19,117,55,50,25
F058_T8,F058_T8,19,6,19,117,60,30
F058_T9,F058_T9,6,31,6,19,122,61
F059_T1,F059_T1,31,69,31,6,25,12
F059_T10,F059_T10,69,11,69,31,11,5
F059_T2,F059_T2,11,19,11,69,36,18
F059_T3,F059_T3,19,26,19,11,74,37
F059_T4,F059_T4,26,36,26,19,16,8
F059_T5,F059_T5,36,56,36,26,24,12
F059_T6,F059_T6,56,109,56,36,31,15
F059_T7,F059_T7,109,8,109,56,41,20
F059_T8,F059_T8,8,16,8,109,61,30
F059_T9,F059_T9,16,22,16,8,114,57
F060_T1,F060_T1,22,69,22,16,13,6
F060_T10,F060_T10,69,12,69,22,21,10
F060_T2,F060_T2,12,13,12,69,27,13
F060_T3,F060_T3,13,23,13,12,74,37
F060_T4,F060_T4,23,30,23,13,17,8
F060_T5,F060_T5,30,56,30,23,18,9
F060_T6,F060_T6,56,102,56,30,28,14
F060_T7,F060_T7,102,32,102,56,36,18
F060_T8,F060_T8,32,11,32,102,61,30
F060_T9,F060_T9,11,17,11,32,107,53
F061_T1,F061_T1,17,69,17,11,37,18
F061_T10,F061_T10,69,1,69,17,16,8
F061_T2,F061_T2,1,20,1,69,22,11
F061_T3,F061_T3,20,56,20,1,74,37
F061_T4,F061_T4,56,33,56,20,5,2
F061_T5,F061_T5,33,6,33,56,25,12
F061_T6,F061_T6,6,173,6,33,61,30
F061_T7,F061_T7,173,13,173,6,38,19
F061_T8,F061_T8,13,10,13,173,11,5
F061_T9,F061_T9,10,15,10,13,178,89
F062_T1,F062_T1,15,69,15,10,18,9
F062_T10,F062_T10,69,12,69,15,15,7
F062_T2,F062_T2,12,19,12,69,20,10
F062_T3,F062_T3,19,36,19,12,74,37
F062_T4,F062_T4,36,29,36,19,18,9
F062_T5,F062_T5,29,55,29,36,24,12
F062_T6,F062_T6,55,123,55,29,41,20
F062_T7,F062_T7,123,26,123,55,34,17
F062_T8,F062_T8,26,12,26,123,60,30
F062_T9,F062_T9,12,23,12,26,128,64
F063_T1,F063_T1,23,69,23,12,31,15
F063_T10,F063_T10,69,12,69,23,17,8
F063_T2,F063_T2,12,21,12,69,28,14
F063_T3,F063_T3,21,82,21,12,74,37
F063_T4,F063_T4,82,44,82,21,17,8
F063_T5,F063_T5,44,56,44,82,26,13
F063_T6,F063_T6,56,109,56,44,88,44
F063_T7,F063_T7,109,13,109,56,49,24
F063_T8,F063_T8,13,8,13,109,61,30
F063_T9,F063_T9,8,16,8,13,114,57
F064_T1,F064_T1,16,69,16,8,18,9
F064_T10,F064_T10,69,12,69,16,13,6
F064_T2,F064_T2,12,35,12,69,21,10
F064_T3,F064_T3,35,48,35,12,74,37
F064_T4,F064_T4,48,40,48,35,17,8
F064_T5,F064_T5,40,10,40,48,40,20
F064_T6,F064_T6,10,111,10,40,53,26
F064_T7,F064_T7,111,15,111,10,45,22
F064_T8,F064_T8,15,10,15,111,15,7
F064_T9,F064_T9,10,25,10,15,116,58
F065_T1,F065_T1,25,69,25,10,20,10
F065_T10,F065_T10,69,11,69,25,15,7
F065_T2,F065_T2,11,16,11,69,30,15
F065_T3,F065_T3,16,53,16,11,74,37
F065_T4,F065_T4,53,26,53,16,16,8
F065_T5,F065_T5,26,20,26,53,21,10
F065_T6,F065_T6,20,142,20,26,59,29
F065_T7,F065_T7,142,10,142,20,32,16
F065_T8,F065_T8,10,8,10,142,25,12
F065_T9,F065_T9,8,17,8,10,148,74
F066_T1,F066_T1,17,69,17,8,15,7
F066_T10,F066_T10,69,12,69,17,13,6
F066_T2,F066_T2,12,20,12,69,22,11
F066_T3,F066_T3,20,36,20,12,74,37
F066_T4,F066_T4,36,26,36,20,17,8
F066_T5,F066_T5,26,51,26,36,25,12
F066_T6,F066_T6,51,127,51,26,41,20
F066_T7,F066_T7,127,52,127,51,32,16
F066_T8,F066_T8,52,7,52,127,56,28
F066_T9,F066_T9,7,14,7,52,132,66
F067_T1,F067_T1,14,68,14,7,57,28
F067_T10,F067_T10,68,12,68,14,12,6
F067_T2,F067_T2,12,21,12,68,20,10
F067_T3,F067_T3,21,37,21,12,73,36
F067_T4,F067_T4,37,29,37,21,17,8
F067_T5,F067_T5,29,56,29,37,26,13
F067_T6,F067_T6,56,112,56,29,42,21
F067_T7,F067_T7,112,45,112,56,34,17
F067_T8,F067_T8,45,10,45,112,61,30
F067_T9,F067_T9,10,18,10,45,117,58
F068_T1,F068_T1,18,68,18,10,50,25
F068_T10,F068_T10,68,12,68,18,15,7
F068_T2,F068_T2,12,23,12,68,24,12
F068_T3,F068_T3,23,50,23,12,73,36
F068_T4,F068_T4,50,25,50,23,17,8
F068_T5,F068_T5,25,56,25,50,28,14
F068_T6,F068_T6,56,146,56,25,55,27
F068_T7,F068_T7,146,20,146,56,30,15
F068_T8,F068_T8,20,13,20,146,61,30
F068_T9,F068_T9,13,20,13,20,151,75
F069_T1,F069_T1,20,69,20,13,25,12
F069_T10,F069_T10,69,12,69,20,18,9
F069_T2,F069_T2,12,23,12,69,25,12
F069_T3,F069_T3,23,34,23,12,74,37
F069_T4,F069_T4,34,36,34,23,18,9
F069_T5,F069_T5,36,32,36,34,29,14
F069_T6,F069_T6,32,179,32,36,39,19
F069_T7,F069_T7,179,17,179,32,41,20
F069_T8,F069_T8,17,14,17,179,37,18
F069_T9,F069_T9,14,16,14,17,184,92
F070_T1,F070_T1,16,69,16,14,23,11
F070_T10,F070_T10,69,12,69,16,19,9
F070_T2,F070_T2,12,35,12,69,21,10
F070_T3,F070_T3,35,23,35,12,74,37
F070_T4,F070_T4,23,33,23,35,17,8
F070_T5,F070_T5,33,56,33,23,40,20
F070_T6,F070_T6,56,143,56,33,28,14
F070_T7,F070_T7,143,14,143,56,39,19
F070_T8,F070_T8,14,9,14,143,61,30
F070_T9,F070_T9,9,17,9,14,148,74
F071_T1,F071_T1,17,69,17,9,19,9
F071_T10,F071_T10,69,12,69,17,14,7
F071_T2,F071_T2,12,12,12,69,22,11
F071_T3,F071_T3,12,40,12,12,74,37
F071_T4,F071_T4,40,25,40,12,17,8
F071_T5,F071_T5,25,55,25,40,17,8
F071_T6,F071_T6,55,71,55,25,45,22
F071_T7,F071_T7,71,12,71,55,30,15
F071_T8,F071_T8,12,11,12,71,60,30
F071_T9,F071_T9,11,20,11,12,112,56
F072_T1,F072_T1,20,69,20,11,17,8
F072_T10,F072_T10,69,11,69,20,16,8
F072_T2,F072_T2,11,15,11,69,25,12
F072_T3,F072_T3,15,84,15,11,74,37
F072_T4,F072_T4,84,38,84,15,17,8
F072_T5,F072_T5,38,56,38,84,20,10
F072_T6,F072_T6,56,161,56,38,89,44
F072_T7,F072_T7,161,8,161,56,43,21
F072_T8,F072_T8,8,12,8,161,61,30
F072_T9,F072_T9,12,22,12,8,167,83
F073_T1,F073_T1,22,69,22,12,13,6
F073_T10,F073_T10,69,12,69,22,17,8
F073_T2,F073_T2,12,21,12,69,27,13
F073_T3,F073_T3,21,50,21,12,74,37
F073_T4,F073_T4,50,46,50,21,17,8
F073_T5,F073_T5,46,22,46,50,26,13
F073_T6,F073_T6,22,143,22,46,56,28
F073_T7,F073_T7,143,29,143,22,51,25
F073_T8,F073_T8,29,13,29,143,27,13
F073_T9,F073_T9,13,22,13,29,148,74
F074_T1,F074_T1,22,69,22,13,34,17
F074_T10,F074_T10,69,12,69,22,18,9
F074_T2,F074_T2,12,20,12,69,28,14
F074_T3,F074_T3,20,58,20,12,74,37
F074_T4,F074_T4,58,36,58,20,17,8
F074_T5,F074_T5,36,55,36,58,25,12
F074_T6,F074_T6,55,201,55,36,63,31
F074_T7,F074_T7,201,11,201,55,41,20
F074_T8,F074_T8,11,4,11,201,60,30
F074_T9,F074_T9,4,31,4,11,206,103
F075_T1,F075_T1,31,68,31,4,16,8
F075_T10,F075_T10,68,12,68,31,9,4
F075_T2,F075_T2,12,14,12,68,37,18
F075_T3,F075_T3,14,86,14,12,74,37
F075_T4,F075_T4,86,29,86,14,17,8
F075_T5,F075_T5,29,55,29,86,19,9
F075_T6,F075_T6,55,86,55,29,91,45
F075_T7,F075_T7,86,10,86,55,34,17
F075_T8,F075_T8,10,62,10,86,61,30
F075_T9,F075_T9,62,23,62,10,91,45
F076_T1,F076_T1,23,69,23,62,15,7
F076_T10,F076_T10,69,12,69,23,67,33
F076_T2,F076_T2,12,19,12,69,28,14
F076_T3,F076_T3,19,31,19,12,74,37
F076_T4,F076_T4,31,33,31,19,17,8
F076_T5,F076_T5,33,56,33,31,24,12
F076_T6,F076_T6,56,125,56,33,36,18
F076_T7,F076_T7,125,15,125,56,38,19
F076_T8,F076_T8,15,4,15,125,61,30
F076_T9,F076_T9,4,18,4,15,130,65
F077_T1,F077_T1,18,68,18,4,20,10
F077_T10,F077_T10,68,12,68,18,9,4
F077_T2,F077_T2,12,14,12,68,23,11
F077_T3,F077_T3,14,52,14,12,73,36
F077_T4,F077_T4,52,32,52,14,17,8
F077_T5,F077_T5,32,56,32,52,19,9
F077_T6,F077_T6,56,85,56,32,57,28
F077_T7,F077_T7,85,36,85,56,37,18
F077_T8,F077_T8,36,10,36,85,61,30
F077_T9,F077_T9,10,17,10,36,90,45
F078_T1,F078_T1,17,69,17,10,41,20
F078_T10,F078_T10,69,12,69,17,15,7
F078_T2,F078_T2,12,22,12,69,22,11
F078_T3,F078_T3,22,70,22,12,74,37
F078_T4,F078_T4,70,41,70,22,17,8
F078_T5,F078_T5,41,55,41,70,27,13
F078_T6,F078_T6,55,91,55,41,76,38
F078_T7,F078_T7,91,40,91,55,46,23
F078_T8,F078_T8,40,4,40,91,61,30
F078_T9,F078_T9,4,31,4,40,95,47
F079_T1,F079_T1,31,69,31,4,46,23
F079_T10,F079_T10,69,12,69,31,9,4
F079_T2,F079_T2,12,11,12,69,36,18
F079_T3,F079_T3,11,46,11,12,74,37
F079_T4,F079_T4,46,19,46,11,17,8
F079_T5,F079_T5,19,55,19,46,16,8
F079_T6,F079_T6,55,76,55,19,51,25
F079_T7,F079_T7,76,37,76,55,24,12
F079_T8,F079_T8,37,5,37,76,60,30
F079_T9,F079_T9,5,26,5,37,81,40
F080_T1,F080_T1,26,69,26,5,43,21
F080_T10,F080_T10,69,12,69,26,10,5
F080_T2,F080_T2,12,12,12,69,31,15
F080_T3,F080_T3,12,76,12,12,74,37
F080_T4,F080_T4,76,21,76,12,17,8
F080_T5,F080_T5,21,55,21,76,17,8
F080_T6,F080_T6,55,74,55,21,81,40
F080_T7,F080_T7,74,59,74,55,27,13
F080_T8,F080_T8,59,11,59,74,60,30
F080_T9,F080_T9,11,24,11,59,79,39
F081_T1,F081_T1,24,69,24,11,51,25
F081_T10,F081_T10,69,12,69,24,4,2
F081_T2,F081_T2,12,39,12,69,30,15
F081_T3,F081_T3,39,49,39,12,74,37
F081_T4,F081_T4,49,38,49,39,17,8
F081_T5,F081_T5,38,57,38,49,31,15
F081_T6,F081_T6,57,142,57,38,22,11
F081_T7,F081_T7,142,59,142,57,22,11
F081_T8,F081_T8,59,5,59,142,60,30
F081_T9,F081_T9,5,23,5,59,75,37
F082_T10,F082_T10,23,69,23,5,13,6
F082_T2,F082_T2,69,11,69,23,38,19
F082_T3,F082_T3,11,23,11,69,74,37
F082_T4,F082_T4,23,40,23,11,18,9
F082_T5,F082_T5,40,24,40,23,17,8
F082_T6,F082_T6,24,40,24,40,48,24
F082_T7,F082_T7,40,84,40,24,25,12
F082_T8,F082_T8,84,40,84,40,62,31
F082_T9,F082_T9,40,13,40,84,114,114
M001_10,M001_10,13,37,13,40,16,8
M001_T1,M001_T1,37,69,37,13,64,32
M001_T2,M001_T2,69,12,69,37,29,14
M001_T3,M001_T3,12,52,12,69,74,37
M001_T4,M001_T4,52,92,52,12,17,8
M001_T5,M001_T5,92,33,92,52,44,22
M001_T6,M001_T6,33,55,33,92,55,27
M001_T7,M001_T7,55,68,55,33,43,21
M001_T8,M001_T8,68,39,68,55,62,31
M001_T9,M001_T9,39,9,39,68,147,73
M002_T10,M002_T10,9,20,9,39,64,32
M002_T2,M002_T2,20,69,20,9,28,14
M002_T3,M002_T3,69,12,69,20,74,37
M002_T4,M002_T4,12,22,12,69,16,8
M002_T5,M002_T5,22,34,22,12,28,14
M002_T6,M002_T6,34,24,34,22,45,22
M002_T7,M002_T7,24,58,24,34,29,14
M002_T8,M002_T8,58,58,58,24,45,22
M002_T9,M002_T9,58,44,58,58,89,44
M003_T1,M003_T1,44,7,44,58,45,22
M003_T10,M003_T10,7,22,7,44,18,9
M003_T2,M003_T2,22,70,22,7,42,21
M003_T3,M003_T3,70,12,70,22,74,37
M003_T4,M003_T4,12,30,12,70,17,8
M003_T5,M003_T5,30,39,30,12,57,28
M003_T6,M003_T6,39,29,39,30,97,48
M003_T7,M003_T7,29,55,29,39,38,19
M003_T8,M003_T8,55,46,55,29,61,30
M003_T9,M003_T9,46,44,46,55,73,36
M004_T1,M004_T1,44,4,44,46,44,22
M004_T10,M004_T10,4,28,4,44,14,7
M004_T2,M004_T2,28,69,28,4,25,12
M004_T3,M004_T3,69,12,69,28,74,37
M004_T4,M004_T4,12,19,12,69,17,8
M004_T5,M004_T5,19,35,19,12,27,13
M004_T6,M004_T6,35,34,35,19,40,20
M004_T7,M004_T7,34,56,34,35,29,14
M004_T8,M004_T8,56,112,56,34,63,31
M004_T9,M004_T9,112,45,112,56,63,31
M005_T1,M005_T1,45,14,45,112,50,25
M005_T10,M005_T10,14,24,14,45,12,6
M005_T2,M005_T2,24,69,24,14,27,13
M005_T3,M005_T3,69,12,69,24,75,37
M005_T4,M005_T4,12,18,12,69,17,8
M005_T5,M005_T5,18,33,18,12,35,17
M005_T6,M005_T6,33,30,33,18,44,22
M005_T7,M005_T7,30,57,30,33,34,17
M005_T8,M005_T8,57,98,57,30,61,30
M005_T9,M005_T9,98,17,98,57,51,25
M006_T1,M006_T1,17,10,17,98,49,24
M006_T10,M006_T10,10,25,10,17,10,5
M006_T2,M006_T2,25,69,25,10,33,16
M006_T3,M006_T3,69,13,69,25,74,37
M006_T4,M006_T4,13,16,13,69,17,8
M006_T5,M006_T5,16,42,16,13,24,12
M006_T6,M006_T6,42,26,42,16,40,20
M006_T7,M006_T7,26,56,26,42,39,19
M006_T8,M006_T8,56,90,56,26,61,30
M006_T9,M006_T9,90,64,90,56,117,58
M007_T1,M007_T1,64,5,64,90,50,25
M007_T10,M007_T10,5,18,5,64,19,9
M007_T2,M007_T2,18,69,18,5,29,14
M007_T3,M007_T3,69,12,69,18,74,37
M007_T4,M007_T4,12,26,12,69,17,8
M007_T5,M007_T5,26,30,26,12,23,11
M007_T6,M007_T6,30,25,30,26,38,19
M007_T7,M007_T7,25,55,25,30,36,18
M007_T8,M007_T8,55,93,55,25,62,31
M007_T9,M007_T9,93,43,93,55,103,51
M008_T1,M008_T1,43,14,43,93,22,11
M008_T10,M008_T10,14,20,14,43,15,7
M008_T2,M008_T2,20,69,20,14,30,15
M008_T3,M008_T3,69,12,69,20,74,37
M008_T4,M008_T4,12,19,12,69,18,9
M008_T5,M008_T5,19,44,19,12,21,10
M008_T6,M008_T6,44,36,44,19,47,23
M008_T7,M008_T7,36,9,36,44,31,15
M008_T8,M008_T8,9,130,9,36,61,30
M008_T9,M008_T9,130,44,130,9,95,47
M009_T1,M009_T1,44,6,44,130,69,34
M009_T10,M009_T10,6,24,6,44,10,5
M009_T2,M009_T2,24,69,24,6,23,11
M009_T3,M009_T3,69,12,69,24,74,37
M009_T4,M009_T4,12,12,12,69,17,8
M009_T5,M009_T5,12,88,12,12,31,15
M009_T6,M009_T6,88,36,88,12,35,17
M009_T7,M009_T7,36,55,36,88,31,15
M009_T8,M009_T8,55,170,55,36,60,30
M009_T9,M009_T9,170,11,170,55,99,49
M010_T1,M010_T1,11,13,11,170,48,24
M010_T10,M010_T10,13,31,13,11,19,9
M010_T2,M010_T2,31,69,31,13,25,12
M010_T3,M010_T3,69,12,69,31,74,37
M010_T4,M010_T4,12,23,12,69,17,8
M010_T5,M010_T5,23,35,23,12,24,12
M010_T6,M010_T6,35,14,35,23,49,24
M010_T7,M010_T7,14,56,14,35,41,20
M010_T8,M010_T8,56,61,56,14,14,7
M010_T9,M010_T9,61,20,61,56,135,67
M011_T1,M011_T1,20,11,20,61,49,24
M011_T10,M011_T10,11,35,11,20,11,5
M011_T2,M011_T2,35,69,35,11,29,14
M011_T3,M011_T3,69,12,69,35,74,37
M011_T4,M011_T4,12,17,12,69,17,8
M011_T5,M011_T5,17,30,17,12,17,8
M011_T6,M011_T6,30,32,30,17,93,46
M011_T7,M011_T7,32,5,32,30,41,20
M011_T8,M011_T8,5,97,5,32,60,30
M011_T9,M011_T9,97,7,97,5,175,87
M012_T1,M012_T1,7,6,7,97,16,8
M012_T10,M012_T10,6,28,6,7,18,9
M012_T2,M012_T2,28,69,28,6,36,18
M012_T3,M012_T3,69,12,69,28,74,37
M012_T4,M012_T4,12,25,12,69,17,8
M012_T5,M012_T5,25,25,25,12,28,14
M012_T6,M012_T6,25,22,25,25,40,20
M012_T7,M012_T7,22,55,22,25,19,9
M012_T8,M012_T8,55,61,55,22,61,30
M012_T9,M012_T9,61,10,61,55,66,33
M013_T1,M013_T1,10,9,10,61,25,12
M013_T10,M013_T10,9,33,9,10,16,8
M013_T2,M013_T2,33,69,33,9,40,20
M013_T3,M013_T3,69,12,69,33,74,37
M013_T4,M013_T4,12,26,12,69,17,8
M013_T5,M013_T5,26,54,26,12,22,11
M013_T6,M013_T6,54,29,54,26,35,17
M013_T7,M013_T7,29,55,29,54,38,19
M013_T8,M013_T8,55,75,55,29,10,5
M013_T9,M013_T9,75,6,75,55,102,51
M014_10,M014_10,6,5,6,75,11,5
M014_T1,M014_T1,5,38,5,6,12,6
M014_T2,M014_T2,38,69,38,5,33,16
M014_T3,M014_T3,69,12,69,38,74,37
M014_T4,M014_T4,12,23,12,69,17,8
M014_T5,M014_T5,23,42,23,12,30,15
M014_T6,M014_T6,42,26,42,23,30,15
M014_T7,M014_T7,26,56,26,42,27,13
M014_T8,M014_T8,56,88,56,26,60,30
M014_T9,M014_T9,88,19,88,56,66,33
M015_T10,M015_T10,19,12,19,88,15,7
M015_T2,M015_T2,12,27,12,19,39,19
M015_T3,M015_T3,27,69,27,12,74,37
M015_T4,M015_T4,69,12,69,27,17,8
M015_T5,M015_T5,12,20,12,69,31,15
M015_T6,M015_T6,20,38,20,12,59,29
M015_T7,M015_T7,38,14,38,20,34,17
M015_T8,M015_T8,14,18,14,38,61,30
M015_T9,M015_T9,18,81,18,14,80,40
M016_T1,M016_T1,81,30,81,18,11,5
M016_T10,M016_T10,30,7,30,81,10,5
M016_T2,M016_T2,7,39,7,30,43,21
M016_T3,M016_T3,39,69,39,7,74,37
M016_T4,M016_T4,69,12,69,39,17,8
M016_T5,M016_T5,12,27,12,69,28,14
M016_T6,M016_T6,27,48,27,12,47,23
M016_T7,M016_T7,48,19,48,27,31,15
M016_T8,M016_T8,19,55,19,48,61,30
M016_T9,M016_T9,55,66,55,19,93,46
M017_T1,M017_T1,66,23,66,55,24,12
M017_T10,M017_T10,23,11,23,66,17,8
M017_T2,M017_T2,11,19,11,23,33,16
M017_T3,M017_T3,19,69,19,11,74,37
M017_T4,M017_T4,69,12,69,19,17,8
M017_T5,M017_T5,12,25,12,69,25,12
M017_T6,M017_T6,25,36,25,12,43,21
M017_T7,M017_T7,36,13,36,25,19,9
M017_T8,M017_T8,13,55,13,36,23,11
M017_T9,M017_T9,55,92,55,13,86,43
M018_T1,M018_T1,92,11,92,55,35,17
M018_T10,M018_T10,11,8,11,92,13,6
M018_T2,M018_T2,8,21,8,11,44,22
M018_T3,M018_T3,21,68,21,8,74,37
M018_T4,M018_T4,68,10,68,21,17,8
M018_T5,M018_T5,10,16,10,68,32,16
M018_T6,M018_T6,16,29,16,10,53,26
M018_T7,M018_T7,29,20,29,16,24,12
M018_T8,M018_T8,20,55,20,29,60,30
M018_T9,M018_T9,55,82,55,20,71,35
M019_T1,M019_T1,82,21,82,55,28,14
M019_T10,M019_T10,21,3,21,82,17,8
M019_T2,M019_T2,3,19,3,21,24,12
M019_T3,M019_T3,19,69,19,3,74,37
M019_T4,M019_T4,69,12,69,19,17,8
M019_T5,M019_T5,12,20,12,69,30,15
M019_T6,M019_T6,20,36,20,12,41,20
M019_T7,M019_T7,36,23,36,20,18,9
M019_T8,M019_T8,23,56,23,36,60,30
M019_T9,M019_T9,56,59,56,23,96,48
M020_T1,M020_T1,59,34,59,56,16,8
M020_T10,M020_T10,34,14,34,59,13,6
M020_T2,M020_T2,14,29,14,34,26,13
M020_T3,M020_T3,29,69,29,14,73,36
M020_T4,M020_T4,69,11,69,29,15,7
M020_T5,M020_T5,11,21,11,69,21,10
M020_T6,M020_T6,21,34,21,11,34,17
M020_T7,M020_T7,34,27,34,21,25,12
M020_T8,M020_T8,27,55,27,34,60,30
M020_T9,M020_T9,55,101,55,27,84,42
M021_T1,M021_T1,101,41,101,55,26,13
M021_T10,M021_T10,41,9,41,101,7,3
M021_T2,M021_T2,9,23,9,41,24,12
M021_T3,M021_T3,23,68,23,9,74,37
M021_T4,M021_T4,68,12,68,23,17,8
M021_T5,M021_T5,12,27,12,68,25,12
M021_T6,M021_T6,27,65,27,12,41,20
M021_T7,M021_T7,65,33,65,27,28,14
M021_T8,M021_T8,33,54,33,65,61,30
M021_T9,M021_T9,54,110,54,33,64,32
M022_T1,M022_T1,110,11,110,54,39,19
M022_T10,M022_T10,11,13,11,110,19,9
M022_T2,M022_T2,13,18,13,11,34,17
M022_T3,M022_T3,18,69,18,13,74,37
M022_T4,M022_T4,69,12,69,18,16,8
M022_T5,M022_T5,12,26,12,69,26,13
M022_T6,M022_T6,26,25,26,12,39,19
M022_T7,M022_T7,25,25,25,26,32,16
M022_T8,M022_T8,25,55,25,25,61,30
M022_T9,M022_T9,55,98,55,25,107,53
M023_T1,M023_T1,98,13,98,55,46,23
M023_T10,M023_T10,13,9,13,98,14,7
M023_T2,M023_T2,9,24,9,13,29,14
M023_T3,M023_T3,24,69,24,9,73,36
M023_T4,M023_T4,69,12,69,24,17,8
M023_T5,M023_T5,12,26,12,69,32,16
M023_T6,M023_T6,26,54,26,12,70,35
M023_T7,M023_T7,54,18,54,26,38,19
M023_T8,M023_T8,18,55,18,54,59,29
M023_T9,M023_T9,55,98,55,18,115,57
M024_T1,M024_T1,98,10,98,55,16,8
M024_T10,M024_T10,10,15,10,98,18,9
M024_T2,M024_T2,15,69,15,0,23,11
M024_T3,M024_T3,69,11,69,10,74,37
M024_T4,M024_T4,11,21,11,15,17,8
M024_T5,M024_T5,21,22,21,69,31,15
M024_T6,M024_T6,22,25,22,11,30,15
M024_T7,M024_T7,25,56,25,21,30,15
M024_T8,M024_T8,56,75,56,22,60,30
M024_T9,M024_T9,75,10,75,25,103,51
M025_T1,M025_T1,10,8,10,56,18,9
M025_T10,M025_T10,8,15,8,75,14,7
M025_T2,M025_T2,15,69,15,10,29,14
M025_T3,M025_T3,69,11,69,8,74,37
M025_T4,M025_T4,11,21,11,15,17,8
M025_T5,M025_T5,21,22,21,69,31,15
M025_T6,M025_T6,22,25,22,11,59,29
M025_T7,M025_T7,25,56,25,21,23,11
M025_T8,M025_T8,56,75,56,22,61,30
M025_T9,M025_T9,75,13,75,25,103,51
M026_T1,M026_T1,13,18,13,56,15,7
M026_T10,M026_T10,18,67,18,75,13,6
M026_T2,M026_T2,67,12,67,13,20,10
M026_T3,M026_T3,12,29,12,18,74,37
M026_T4,M026_T4,29,33,29,67,16,8
M026_T5,M026_T5,33,19,33,12,26,13
M026_T6,M026_T6,19,55,19,29,27,13
M026_T7,M026_T7,55,66,55,33,31,15
M026_T8,M026_T8,66,12,66,19,61,30
M026_T9,M026_T9,12,15,12,55,80,40
M027_T1,M027_T1,15,38,15,66,18,9
M027_T10,M027_T10,38,68,38,12,17,8
M027_T2,M027_T2,68,12,68,0,23,11
M027_T3,M027_T3,12,41,12,15,72,36
M027_T4,M027_T4,41,111,41,38,17,8
M027_T5,M027_T5,111,26,111,68,34,17
M027_T6,M027_T6,26,16,26,12,38,19
M027_T7,M027_T7,16,113,16,41,24,12
M027_T8,M027_T8,113,20,113,111,60,30
M027_T9,M027_T9,20,14,20,26,71,35
M028_T1,M028_T1,14,23,14,16,20,10
M028_T10,M028_T10,23,69,23,113,25,12
M028_T2,M028_T2,69,12,69,20,43,21
M028_T3,M028_T3,12,15,12,14,73,36
M028_T4,M028_T4,15,40,15,23,17,8
M028_T5,M028_T5,40,40,40,69,46,23
M028_T6,M028_T6,40,56,40,12,116,58
M028_T7,M028_T7,56,123,56,15,31,15
M028_T8,M028_T8,123,8,123,40,21,10
M028_T9,M028_T9,8,34,8,40,118,59
M029_T1,M029_T1,34,18,34,56,19,9
M029_T10,M029_T10,18,68,18,123,13,6
M029_T2,M029_T2,68,12,68,8,28,14
M029_T3,M029_T3,12,13,12,34,74,37
M029_T4,M029_T4,13,34,13,18,17,8
M029_T5,M029_T5,34,32,34,68,20,10
M029_T6,M029_T6,32,56,32,12,46,23
M029_T7,M029_T7,56,119,56,13,46,23
M029_T8,M029_T8,119,15,119,34,61,30
M029_T9,M029_T9,15,39,15,32,128,64
M030_T1,M030_T1,39,20,39,56,39,19
M030_T10,M030_T10,20,69,20,119,20,10
M030_T2,M030_T2,69,12,69,15,24,12
M030_T3,M030_T3,12,15,12,39,74,37
M030_T4,M030_T4,15,44,15,20,17,8
M030_T5,M030_T5,44,29,44,69,18,9
M030_T6,M030_T6,29,55,29,12,39,19
M030_T7,M030_T7,55,125,55,15,37,18
M030_T8,M030_T8,125,5,125,44,62,31
M030_T9,M030_T9,5,22,5,29,123,61
M031_T1,M031_T1,22,18,22,55,44,22
M031_T10,M031_T10,18,69,18,125,10,5
M031_T2,M031_T2,69,11,69,5,25,12
M031_T3,M031_T3,11,26,11,22,74,37
M031_T4,M031_T4,26,34,26,18,17,8
M031_T5,M031_T5,34,16,34,69,20,10
M031_T6,M031_T6,16,16,16,11,49,24
M031_T7,M031_T7,16,117,16,26,34,17
M031_T8,M031_T8,117,14,117,34,60,30
M031_T9,M031_T9,14,14,14,16,131,65
M032_T1,M032_T1,14,7,14,16,27,13
M032_T10,M032_T10,7,20,7,117,19,9
M032_T2,M032_T2,20,69,20,14,23,11
M032_T3,M032_T3,69,12,69,14,74,37
M032_T4,M032_T4,12,27,12,7,16,8
M032_T5,M032_T5,27,45,27,20,31,15
M032_T6,M032_T6,45,25,45,69,39,19
M032_T7,M032_T7,25,55,25,12,21,10
M032_T8,M032_T8,55,111,55,27,21,10
M032_T9,M032_T9,111,19,111,45,122,61
M033_T1,M033_T1,19,13,19,25,19,9
M033_T10,M033_T10,13,23,13,55,12,6
M033_T2,M033_T2,23,69,23,111,25,12
M033_T3,M033_T3,69,12,69,19,74,37
M033_T4,M033_T4,12,30,12,13,17,8
M033_T5,M033_T5,30,64,30,23,32,16
M033_T6,M033_T6,64,25,64,69,50,25
M033_T7,M033_T7,25,25,25,12,30,15
M033_T8,M033_T8,25,94,25,30,60,30
M033_T9,M033_T9,94,15,94,64,116,58
M034_T1,M034_T1,15,23,15,25,24,12
M034_T10,M034_T10,23,69,23,25,18,9
M034_T2,M034_T2,69,11,69,94,28,14
M034_T3,M034_T3,11,14,11,15,74,37
M034_T4,M034_T4,14,87,14,23,17,8
M034_T5,M034_T5,87,26,87,69,35,17
M034_T6,M034_T6,26,50,26,11,69,34
M034_T7,M034_T7,50,42,50,14,31,15
M034_T8,M034_T8,42,14,42,87,30,15
M034_T9,M034_T9,14,12,14,26,99,49
M035_T1,M035_T1,12,21,12,50,20,10
M035_T10,M035_T10,21,69,21,42,19,9
M035_T2,M035_T2,69,12,69,14,28,14
M035_T3,M035_T3,12,27,12,12,74,37
M035_T4,M035_T4,27,34,27,21,16,8
M035_T5,M035_T5,34,28,34,69,19,9
M035_T6,M035_T6,28,56,28,12,92,46
M035_T7,M035_T7,56,59,56,27,31,15
M035_T8,M035_T8,59,6,59,34,55,27
M035_T9,M035_T9,6,20,6,28,47,23
M036_T1,M036_T1,20,22,20,56,17,8
M036_T10,M036_T10,22,69,22,59,11,5
M036_T2,M036_T2,69,12,69,6,26,13
M036_T3,M036_T3,12,31,12,20,74,37
M036_T4,M036_T4,31,54,31,22,17,8
M036_T5,M036_T5,54,31,54,69,32,16
M036_T6,M036_T6,31,56,31,12,39,19
M036_T7,M036_T7,56,105,56,31,33,16
M036_T8,M036_T8,105,19,105,54,61,30
M036_T9,M036_T9,19,16,19,31,64,32
M037_T1,M037_T1,16,15,16,56,25,12
M037_T10,M037_T10,15,69,15,105,24,12
M037_T2,M037_T2,69,11,69,19,28,14
M037_T3,M037_T3,11,28,11,16,74,37
M037_T4,M037_T4,28,68,28,15,17,8
M037_T5,M037_T5,68,36,68,69,36,18
M037_T6,M037_T6,36,57,36,11,59,29
M037_T7,M037_T7,57,164,57,28,36,18
M037_T8,M037_T8,164,15,164,68,61,30
M037_T9,M037_T9,15,8,15,36,110,55
M038_T1,M038_T1,8,12,8,57,21,10
M038_T10,M038_T10,12,69,12,164,20,10
M038_T2,M038_T2,69,12,69,15,20,10
M038_T3,M038_T3,12,30,12,8,74,37
M038_T4,M038_T4,30,58,30,12,16,8
M038_T5,M038_T5,58,22,58,69,33,16
M038_T6,M038_T6,22,41,22,12,73,36
M038_T7,M038_T7,41,132,41,30,41,20
M038_T8,M038_T8,132,9,132,58,62,31
M038_T9,M038_T9,9,15,9,22,169,84
M039_T1,M039_T1,15,27,15,41,14,7
M039_T10,M039_T10,27,69,27,132,14,7
M039_T2,M039_T2,69,10,69,9,17,8
M039_T3,M039_T3,10,24,10,15,74,37
M039_T4,M039_T4,24,91,24,27,17,8
M039_T5,M039_T5,91,37,91,69,35,17
M039_T6,M039_T6,37,55,37,10,63,31
M039_T7,M039_T7,55,130,55,24,28,14
M039_T8,M039_T8,130,22,130,91,46,23
M039_T9,M039_T9,22,22,22,37,137,68
M040_T1,M040_T1,22,25,22,55,20,10
M040_T10,M040_T10,25,69,25,130,27,13
M040_T2,M040_T2,69,12,69,22,32,16
M040_T3,M040_T3,12,17,12,22,74,37
M040_T4,M040_T4,17,33,17,25,15,7
M040_T5,M040_T5,33,22,33,69,29,14
M040_T6,M040_T6,22,39,22,12,96,48
M040_T7,M040_T7,39,98,39,17,43,21
M040_T8,M040_T8,98,9,98,33,61,30
M040_T9,M040_T9,9,17,9,22,135,67
M041_T1,M041_T1,17,27,17,39,28,14
M041_T10,M041_T10,27,69,27,98,9,4
M041_T2,M041_T2,69,12,69,9,30,15
M041_T3,M041_T3,12,19,12,17,74,37
M041_T4,M041_T4,19,64,19,27,17,8
M041_T5,M041_T5,64,62,64,69,22,11
M041_T6,M041_T6,62,56,62,12,38,19
M041_T7,M041_T7,56,137,56,19,27,13
M041_T8,M041_T8,137,32,137,64,44,22
M041_T9,M041_T9,32,41,32,62,104,52
M042_T1,M042_T1,41,25,41,56,22,11
M042_T10,M042_T10,25,69,25,0,37,18
M042_T2,M042_T2,69,12,69,0,32,16
M042_T3,M042_T3,12,11,12,41,74,37
M042_T4,M042_T4,11,60,11,25,17,8
M042_T5,M042_T5,60,32,60,69,25,12
M042_T6,M042_T6,32,42,32,12,69,34
M042_T7,M042_T7,42,129,42,11,67,33
M042_T8,M042_T8,129,24,129,60,61,30
M042_T9,M042_T9,24,12,24,32,142,71
M043_T1,M043_T1,12,22,12,42,46,23
M043_T10,M043_T10,22,69,22,129,29,14
M043_T2,M043_T2,69,12,69,24,30,15
M043_T3,M043_T3,12,21,12,12,74,37
M043_T4,M043_T4,21,28,21,22,17,8
M043_T5,M043_T5,28,28,28,69,16,8
M043_T6,M043_T6,28,56,28,12,65,32
M043_T7,M043_T7,56,101,56,21,37,18
M043_T8,M043_T8,101,14,101,28,47,23
M043_T9,M043_T9,14,11,14,28,134,67
M044_T1,M044_T1,11,17,11,56,17,8
M044_T10,M044_T10,17,69,17,101,19,9
M044_T2,M044_T2,69,12,69,14,27,13
M044_T3,M044_T3,12,23,12,11,74,37
M044_T4,M044_T4,23,45,23,17,17,8
M044_T5,M044_T5,45,41,45,69,26,13
M044_T6,M044_T6,41,56,41,12,33,16
M044_T7,M044_T7,56,149,56,23,33,16
M044_T8,M044_T8,149,7,149,45,61,30
M044_T9,M044_T9,7,6,7,41,107,53
M045_T1,M045_T1,6,16,6,56,16,8
M045_T10,M045_T10,16,69,16,149,12,6
M045_T2,M045_T2,69,12,69,7,22,11
M045_T3,M045_T3,12,17,12,6,74,37
M045_T4,M045_T4,17,34,17,16,17,8
M045_T5,M045_T5,34,32,34,69,28,14
M045_T6,M045_T6,32,56,32,12,50,25
M045_T7,M045_T7,56,134,56,17,46,23
M045_T8,M045_T8,134,10,134,34,61,30
M045_T9,M045_T9,10,23,10,32,154,77
M046_T1,M046_T1,23,25,23,56,11,5
M046_T10,M046_T10,25,69,25,134,15,7
M046_T2,M046_T2,69,10,69,10,21,10
M046_T3,M046_T3,10,23,10,23,74,37
M046_T4,M046_T4,23,48,23,25,17,8
M046_T5,M046_T5,48,26,48,69,22,11
M046_T6,M046_T6,26,56,26,10,39,19
M046_T7,M046_T7,56,159,56,23,37,18
M046_T8,M046_T8,159,19,159,48,61,30
M046_T9,M046_T9,19,36,19,26,140,70
M047_T1,M047_T1,36,16,36,56,28,14
M047_T10,M047_T10,16,69,16,159,24,12
M047_T2,M047_T2,69,12,69,19,30,15
M047_T3,M047_T3,12,25,12,36,74,37
M047_T4,M047_T4,25,48,25,16,15,7
M047_T5,M047_T5,48,28,48,69,28,14
M047_T6,M047_T6,28,56,28,12,53,26
M047_T7,M047_T7,56,142,56,25,31,15
M047_T8,M047_T8,142,15,142,48,61,30
M047_T9,M047_T9,15,29,15,28,164,82
M048_T1,M048_T1,29,22,29,56,41,20
M048_T10,M048_T10,22,69,22,142,20,10
M048_T2,M048_T2,69,12,69,15,21,10
M048_T3,M048_T3,12,18,12,29,74,37
M048_T4,M048_T4,18,40,18,22,17,8
M048_T5,M048_T5,40,33,40,69,30,15
M048_T6,M048_T6,33,30,33,12,53,26
M048_T7,M048_T7,30,119,30,18,33,16
M048_T8,M048_T8,119,15,119,40,61,30
M048_T9,M048_T9,15,39,15,33,147,73
M049_T1,M049_T1,39,26,39,30,34,17
M049_T10,M049_T10,26,69,26,119,20,10
M049_T2,M049_T2,69,12,69,15,27,13
M049_T3,M049_T3,12,30,12,39,74,37
M049_T4,M049_T4,30,24,30,26,17,8
M049_T5,M049_T5,24,31,24,69,23,11
M049_T6,M049_T6,31,56,31,12,45,22
M049_T7,M049_T7,56,117,56,30,38,19
M049_T8,M049_T8,117,10,117,24,36,18
M049_T9,M049_T9,10,43,10,31,124,62
M050_T1,M050_T1,43,19,43,56,44,22
M050_T10,M050_T10,19,69,19,117,15,7
M050_T2,M050_T2,69,12,69,10,31,15
M050_T3,M050_T3,12,19,12,43,74,37
M050_T4,M050_T4,19,24,19,19,17,8
M050_T5,M050_T5,24,29,24,69,35,17
M050_T6,M050_T6,29,23,29,12,29,14
M050_T7,M050_T7,23,125,23,19,36,18
M050_T8,M050_T8,125,16,125,24,61,30
M050_T9,M050_T9,16,13,16,29,122,61
M051_T1,M051_T1,13,20,13,23,48,24
M051_T10,M051_T10,20,69,20,125,21,10
M051_T2,M051_T2,69,12,69,16,24,12
M051_T3,M051_T3,12,30,12,13,74,37
M051_T4,M051_T4,30,55,30,20,17,8
M051_T5,M051_T5,55,46,55,69,24,12
M051_T6,M051_T6,46,17,46,12,29,14
M051_T7,M051_T7,17,157,17,30,34,17
M051_T8,M051_T8,157,20,157,55,28,14
M051_T9,M051_T9,20,32,20,46,130,65
M052_T1,M052_T1,32,18,32,17,18,9
M052_T10,M052_T10,18,69,18,157,25,12
M052_T2,M052_T2,69,12,69,20,25,12
M052_T3,M052_T3,12,20,12,32,74,37
M052_T4,M052_T4,20,27,20,18,17,8
M052_T5,M052_T5,27,12,27,69,35,17
M052_T6,M052_T6,12,35,12,12,60,30
M052_T7,M052_T7,35,154,35,20,51,25
M052_T8,M052_T8,154,10,154,27,22,11
M052_T9,M052_T9,10,16,10,12,162,81
M053_T1,M053_T1,16,23,16,35,37,18
M053_T10,M053_T10,23,69,23,154,15,7
M053_T2,M053_T2,69,12,69,10,23,11
M053_T3,M053_T3,12,17,12,16,74,37
M053_T4,M053_T4,17,32,17,23,17,8
M053_T5,M053_T5,32,39,32,69,25,12
M053_T6,M053_T6,39,56,39,12,32,16
M053_T7,M053_T7,56,120,56,17,17,8
M053_T8,M053_T8,120,26,120,32,40,20
M053_T9,M053_T9,26,17,26,39,159,79
M054_T1,M054_T1,17,22,17,56,22,11
M054_T10,M054_T10,22,69,22,120,31,15
M054_T2,M054_T2,69,11,69,26,28,14
M054_T3,M054_T3,11,16,11,17,74,37
M054_T4,M054_T4,16,25,16,22,17,8
M054_T5,M054_T5,25,42,25,69,22,11
M054_T6,M054_T6,42,56,42,11,37,18
M054_T7,M054_T7,56,114,56,16,44,22
M054_T8,M054_T8,114,12,114,25,61,30
M054_T9,M054_T9,12,43,12,42,125,62
M055_T1,M055_T1,43,18,43,56,23,11
M055_T10,M055_T10,18,69,18,114,17,8
M055_T2,M055_T2,69,11,69,12,27,13
M055_T3,M055_T3,11,21,11,43,74,37
M055_T4,M055_T4,21,47,21,18,16,8
M055_T5,M055_T5,47,37,47,69,22,11
M055_T6,M055_T6,37,56,37,11,30,15
M055_T7,M055_T7,56,129,56,21,47,23
M055_T8,M055_T8,129,7,129,47,61,30
M055_T9,M055_T9,7,13,7,37,119,59
M056_T1,M056_T1,13,16,13,56,48,24
M056_T10,M056_T10,16,69,16,129,13,6
M056_T2,M056_T2,69,12,69,7,23,11
M056_T3,M056_T3,12,37,12,13,74,37
M056_T4,M056_T4,37,41,37,16,17,8
M056_T5,M056_T5,41,42,41,0,26,13
M056_T6,M056_T6,42,55,42,0,52,26
M056_T7,M056_T7,55,96,55,0,42,21
M056_T8,M056_T8,96,19,96,0,62,31
M056_T9,M056_T9,19,37,19,0,135,67
M057_T1,M057_T1,37,29,37,0,18,9
M057_T10,M057_T10,29,69,29,0,24,12
M057_T2,M057_T2,69,12,69,19,19,9
M057_T3,M057_T3,12,27,12,37,74,37
M057_T4,M057_T4,27,41,27,29,17,8
M057_T5,M057_T5,41,59,41,69,42,21
M057_T6,M057_T6,59,56,59,12,46,23
M057_T7,M057_T7,56,189,56,27,47,23
M057_T8,M057_T8,189,21,189,41,61,30
